,MSE,RMSE,MAE,R2,CV_MSE,Nested_CV_Mean,Nested_CV_Std,use_scaled
RandomForest,9026.837556625533,95.00967085842122,78.76564521297493,0.4560313650348763,7048.517028647448,7810.6276160782245,3063.136910818184,False
Ridge,9089.083168101102,95.33668322372613,80.32975999273363,0.4522803658511054,8941.911408106342,8941.871478826793,3831.4111290248757,True
SVR,8538.601341752188,92.40455260295451,75.50014391408092,0.4854530961427168,8328.374607385109,8997.793804912599,3928.9137940895794,True
