,MSE,RMSE,MAE,R2,CV_MSE,Nested_CV_Mean,Nested_CV_Std,use_scaled
RandomForest,5777.6930374253325,76.0111375880228,43.98094964949665,0.8453730472195423,7395.060289465109,8411.289431703097,3933.729385655248,False
Ridge,1064506.0516222096,1031.749025500974,169.85286560351133,-27.489109046203122,11262.359939467296,11494.500582322735,3314.056983966959,True
SVR,296592.3914049232,544.602966761037,111.27092291266443,-6.937627943150272,11845.471240911042,13338.253781252677,4729.221874354572,True
